model_name,noise_level,interpolator_method,estimator,variable_name,variable_type,true_value,estimated_value,rel_error,cluster_id,solution_in_cluster,overall_problem_error
lv_periodic,0.0,GPR,PE,x1(t),state,2.0,2.000053142847216,2.65714236080683e-5,1,1,0.19041500447516654
lv_periodic,0.0,GPR,PE,x2(t),state,0.5,0.49999598038268833,8.039234623336e-6,1,1,0.19041500447516654
lv_periodic,0.0,GPR,PE,a,parameter,1.5,1.499969322394218,2.045173718793573e-5,1,1,0.19041500447516654
lv_periodic,0.0,GPR,PE,b,parameter,0.9,0.8999935446485248,7.172612750282346e-6,1,1,0.19041500447516654
lv_periodic,0.0,GPR,PE,c,parameter,3.0,3.0001443900048166,4.8130001605528605e-5,1,1,0.19041500447516654
lv_periodic,0.0,GPR,PE,d,parameter,0.8,0.8000223814562548,2.7976820318464934e-5,1,1,0.19041500447516654
lv_periodic,0.0,GPR,PE,x1(t),state,2.0,1.999960718005376,1.96409973119982e-5,2,1,0.19041103647958701
lv_periodic,0.0,GPR,PE,x2(t),state,0.5,0.5000129598865467,2.5919773093407983e-5,2,1,0.19041103647958701
lv_periodic,0.0,GPR,PE,a,parameter,1.5,1.499996749805463,2.1667963580422147e-6,2,1,0.19041103647958701
lv_periodic,0.0,GPR,PE,b,parameter,0.9,0.9000022659061423,2.517673491415135e-6,2,1,0.19041103647958701
lv_periodic,0.0,GPR,PE,c,parameter,3.0,3.0000268631048734,8.954368291143785e-6,2,1,0.19041103647958701
lv_periodic,0.0,GPR,PE,d,parameter,0.8,0.8000220337244106,2.7542155513204936e-5,2,1,0.19041103647958701
lv_periodic,0.0,GPR,PE,x1(t),state,2.0,1.999805264466416,9.736776679203363e-5,3,1,0.19040965336744745
lv_periodic,0.0,GPR,PE,x2(t),state,0.5,0.5000968137554629,0.00019362751092577568,3,1,0.19040965336744745
lv_periodic,0.0,GPR,PE,a,parameter,1.5,1.5000770257907499,5.135052716657521e-5,3,1,0.19040965336744745
lv_periodic,0.0,GPR,PE,b,parameter,0.9,0.9000163069852556,1.811887250618365e-5,3,1,0.19040965336744745
lv_periodic,0.0,GPR,PE,c,parameter,3.0,2.9998969634313575,3.434552288084092e-5,3,1,0.19040965336744745
lv_periodic,0.0,GPR,PE,d,parameter,0.8,0.7999809172889634,2.3853388795846975e-5,3,1,0.19040965336744745
lv_periodic,0.0,GPR,PE,x1(t),state,2.0,2.000516456601415,0.00025822830070754144,4,1,0.19043846968926081
lv_periodic,0.0,GPR,PE,x2(t),state,0.5,0.499827700763437,0.0003445984731259566,4,1,0.19043846968926081
lv_periodic,0.0,GPR,PE,a,parameter,1.5,1.5000794094108596,5.293960723973257e-5,4,1,0.19043846968926081
lv_periodic,0.0,GPR,PE,b,parameter,0.9,0.9001763524008772,0.00019594711208579006,4,1,0.19043846968926081
lv_periodic,0.0,GPR,PE,c,parameter,3.0,2.999602332399257,0.0001325558669143708,4,1,0.19043846968926081
lv_periodic,0.0,GPR,PE,d,parameter,0.8,0.7998178593540886,0.00022767580738936033,4,1,0.19043846968926081
lv_periodic,0.0,GPR,PE,x1(t),state,2.0,2.00153344179958,0.0007667208997899078,5,1,0.19045689155914644
lv_periodic,0.0,GPR,PE,x2(t),state,0.5,0.49933599444268634,0.0013280111146273255,5,1,0.19045689155914644
lv_periodic,0.0,GPR,PE,a,parameter,1.5,1.4997525037873285,0.00016499747511433682,5,1,0.19045689155914644
lv_periodic,0.0,GPR,PE,b,parameter,0.9,0.8999492414164156,5.639842620487457e-5,5,1,0.19045689155914644
lv_periodic,0.0,GPR,PE,c,parameter,3.0,3.000085049275788,2.8349758595928403e-5,5,1,0.19045689155914644
lv_periodic,0.0,GPR,PE,d,parameter,0.8,0.8000197819387063,2.472742338277545e-5,5,1,0.19045689155914644
lv_periodic,0.0,GPR,PE,x1(t),state,2.0,1.9990003039678108,0.0004998480160945951,6,1,0.19037496759155817
lv_periodic,0.0,GPR,PE,x2(t),state,0.5,0.5003363518101575,0.0006727036203149073,6,1,0.19037496759155817
lv_periodic,0.0,GPR,PE,a,parameter,1.5,1.4998978542037569,6.809719749541661e-5,6,1,0.19037496759155817
lv_periodic,0.0,GPR,PE,b,parameter,0.9,0.8997481187113604,0.00027986809848846837,6,1,0.19037496759155817
lv_periodic,0.0,GPR,PE,c,parameter,3.0,3.0005387372758574,0.00017957909195246793,6,1,0.19037496759155817
lv_periodic,0.0,GPR,PE,d,parameter,0.8,0.8002234012093485,0.0002792515116856187,6,1,0.19037496759155817
lv_periodic,0.0,GPR,PE,x1(t),state,2.0,2.0067665323608255,0.003383266180412736,7,1,0.19060576927213482
lv_periodic,0.0,GPR,PE,x2(t),state,0.5,0.49730124025282285,0.005397519494354297,7,1,0.19060576927213482
lv_periodic,0.0,GPR,PE,a,parameter,1.5,1.4992532954679916,0.0004978030213389495,7,1,0.19060576927213482
lv_periodic,0.0,GPR,PE,b,parameter,0.9,0.8998417455592257,0.0001758382675270336,7,1,0.19060576927213482
lv_periodic,0.0,GPR,PE,c,parameter,3.0,3.0001662122004236,5.540406680785518e-5,7,1,0.19060576927213482
lv_periodic,0.0,GPR,PE,d,parameter,0.8,0.8000365703062206,4.571288277563368e-5,7,1,0.19060576927213482
lv_periodic,0.0,GPR,PE,x1(t),state,2.0,2.0007350899308713,0.0003675449654356733,8,1,0.1904397522198672
lv_periodic,0.0,GPR,PE,x2(t),state,0.5,0.4997516099373293,0.0004967801253413784,8,1,0.1904397522198672
lv_periodic,0.0,GPR,PE,a,parameter,1.5,1.5000271232529077,1.8082168605104698e-5,8,1,0.1904397522198672
lv_periodic,0.0,GPR,PE,b,parameter,0.9,0.9000740877235948,8.23196928830446e-5,8,1,0.1904397522198672
lv_periodic,0.0,GPR,PE,c,parameter,3.0,2.9997738658850497,7.537803831677199e-5,8,1,0.1904397522198672
lv_periodic,0.0,GPR,PE,d,parameter,0.8,0.7999162598283006,0.00010467521462428908,8,1,0.1904397522198672
lv_periodic,0.0,GPR,PE,x1(t),state,2.0,1.4568154426626656,0.2715922786686672,9,1,0.17534430578601223
lv_periodic,0.0,GPR,PE,x2(t),state,0.5,1.9568262992656915,2.913652598531383,9,1,0.17534430578601223
lv_periodic,0.0,GPR,PE,a,parameter,1.5,2.1966767567916077,0.4644511711944051,9,1,0.17534430578601223
lv_periodic,0.0,GPR,PE,b,parameter,0.9,1.0446308788315783,0.16070097647953147,9,1,0.17534430578601223
lv_periodic,0.0,GPR,PE,c,parameter,3.0,3.017305211483819,0.0057684038279396015,9,1,0.17534430578601223
lv_periodic,0.0,GPR,PE,d,parameter,0.8,0.8047268968615566,0.00590862107694573,9,1,0.17534430578601223
lv_periodic,0.01,GPR,PE,x1(t),state,2.0,2.465877197837103,0.2329385989185515,1,1,0.19840606720959342
lv_periodic,0.01,GPR,PE,x2(t),state,0.5,0.3955325518538144,0.20893489629237116,1,1,0.19840606720959342
lv_periodic,0.01,GPR,PE,a,parameter,1.5,1.2769533856425561,0.1486977429049626,1,1,0.19840606720959342
lv_periodic,0.01,GPR,PE,b,parameter,0.9,0.8184869631328363,0.09057004096351523,1,1,0.19840606720959342
lv_periodic,0.01,GPR,PE,c,parameter,3.0,3.4298307426537047,0.14327691421790156,1,1,0.19840606720959342
lv_periodic,0.01,GPR,PE,d,parameter,0.8,0.8508744218017548,0.0635930272521934,1,1,0.19840606720959342
lv_periodic,0.01,GPR,PE,x1(t),state,2.0,2.2374555363809936,0.1187277681904968,2,1,0.1993020575482367
lv_periodic,0.01,GPR,PE,x2(t),state,0.5,0.43943756522872923,0.12112486954254154,2,1,0.1993020575482367
lv_periodic,0.01,GPR,PE,a,parameter,1.5,1.4381641078097611,0.041223928126825925,2,1,0.1993020575482367
lv_periodic,0.01,GPR,PE,b,parameter,0.9,0.7285292362524202,0.1905230708306443,2,1,0.1993020575482367
lv_periodic,0.01,GPR,PE,c,parameter,3.0,3.0034269396762197,0.0011423132254065511,2,1,0.1993020575482367
lv_periodic,0.01,GPR,PE,d,parameter,0.8,0.8331029722272462,0.04137871528405765,2,1,0.1993020575482367
lv_periodic,0.01,GPR,PE,x1(t),state,2.0,2.7261206437334153,0.36306032186670767,3,1,0.21016208444070872
lv_periodic,0.01,GPR,PE,x2(t),state,0.5,0.3161845325404398,0.36763093491912036,3,1,0.21016208444070872
lv_periodic,0.01,GPR,PE,a,parameter,1.5,1.3528453152262896,0.0981031231824736,3,1,0.21016208444070872
lv_periodic,0.01,GPR,PE,b,parameter,0.9,0.8445776690200707,0.061580367755477025,3,1,0.21016208444070872
lv_periodic,0.01,GPR,PE,c,parameter,3.0,3.022823908310844,0.007607969436948044,3,1,0.21016208444070872
lv_periodic,0.01,GPR,PE,d,parameter,0.8,0.8081886125355503,0.010235765669437819,3,1,0.21016208444070872
lv_periodic,0.01,GPR,PE,x1(t),state,2.0,3.5968003181326993,0.7984001590663496,4,1,0.22210001326496717
lv_periodic,0.01,GPR,PE,x2(t),state,0.5,0.32130311471338063,0.35739377057323873,4,1,0.22210001326496717
lv_periodic,0.01,GPR,PE,a,parameter,1.5,1.458663475680431,0.02755768287971261,4,1,0.22210001326496717
lv_periodic,0.01,GPR,PE,b,parameter,0.9,0.8118507458235489,0.09794361575161238,4,1,0.22210001326496717
lv_periodic,0.01,GPR,PE,c,parameter,3.0,2.7191489137233513,0.09361702875888289,4,1,0.22210001326496717
lv_periodic,0.01,GPR,PE,d,parameter,0.8,0.6876546288968479,0.14043171387894016,4,1,0.22210001326496717
lv_periodic,0.01,GPR,PE,x1(t),state,2.0,2.6919967985008815,0.34599839925044074,5,1,0.2367745514114754
lv_periodic,0.01,GPR,PE,x2(t),state,0.5,1.0027432209214635,1.005486441842927,5,1,0.2367745514114754
lv_periodic,0.01,GPR,PE,a,parameter,1.5,2.7737807617039043,0.8491871744692695,5,1,0.2367745514114754
lv_periodic,0.01,GPR,PE,b,parameter,0.9,1.1723389332060266,0.3025988146733628,5,1,0.2367745514114754
lv_periodic,0.01,GPR,PE,c,parameter,3.0,2.722824165084912,0.09239194497169596,5,1,0.2367745514114754
lv_periodic,0.01,GPR,PE,d,parameter,0.8,0.7367451528387964,0.07906855895150458,5,1,0.2367745514114754
lv_periodic,0.01,GPR,PE,x1(t),state,2.0,0.0,1.0,6,1,1.2879190433445195e14
lv_periodic,0.01,GPR,PE,x2(t),state,0.5,3.056429142714489e11,6.112858285418978e11,6,1,1.2879190433445195e14
lv_periodic,0.01,GPR,PE,a,parameter,1.5,0.8477937464947037,0.43480416900353086,6,1,1.2879190433445195e14
lv_periodic,0.01,GPR,PE,b,parameter,0.9,-0.7552315795090689,1.8391461994545208,6,1,1.2879190433445195e14
lv_periodic,0.01,GPR,PE,c,parameter,3.0,2.8347894611757565,0.05507017960808117,6,1,1.2879190433445195e14
lv_periodic,0.01,GPR,PE,d,parameter,0.8,0.6930029585422481,0.13374630182218988,6,1,1.2879190433445195e14
lv_periodic,0.01,GPR,PE,x1(t),state,2.0,6.117340810353067,2.0586704051765334,7,1,0.31666678640983914
lv_periodic,0.01,GPR,PE,x2(t),state,0.5,4.064717129209175,7.12943425841835,7,1,0.31666678640983914
lv_periodic,0.01,GPR,PE,a,parameter,1.5,3.0638740194540968,1.0425826796360644,7,1,0.31666678640983914
lv_periodic,0.01,GPR,PE,b,parameter,0.9,1.240216090636694,0.3780178784852154,7,1,0.31666678640983914
lv_periodic,0.01,GPR,PE,c,parameter,3.0,2.6778451351206076,0.10738495495979745,7,1,0.31666678640983914
lv_periodic,0.01,GPR,PE,d,parameter,0.8,0.7189031666148974,0.10137104173137831,7,1,0.31666678640983914
lv_periodic,0.01,GPR,PE,x1(t),state,2.0,0.968710714405044,0.515644642797478,8,1,0.17445617666824162
lv_periodic,0.01,GPR,PE,x2(t),state,0.5,1.9186717226133434,2.837343445226687,8,1,0.17445617666824162
lv_periodic,0.01,GPR,PE,a,parameter,1.5,1.2095289010645014,0.1936473992903324,8,1,0.17445617666824162
lv_periodic,0.01,GPR,PE,b,parameter,0.9,0.12374418025790038,0.8625064663801107,8,1,0.17445617666824162
lv_periodic,0.01,GPR,PE,c,parameter,3.0,3.18225182313907,0.060750607713023395,8,1,0.17445617666824162
lv_periodic,0.01,GPR,PE,d,parameter,0.8,0.8419084279442407,0.05238553493030082,8,1,0.17445617666824162
lv_periodic,0.01,GPR,PE,x1(t),state,2.0,4.420138941916756e304,2.210069470958378e304,9,1,1.0e15
lv_periodic,0.01,GPR,PE,x2(t),state,0.5,0.0,1.0,9,1,1.0e15
lv_periodic,0.01,GPR,PE,a,parameter,1.5,-470.1178017151285,314.41186781008565,9,1,1.0e15
lv_periodic,0.01,GPR,PE,b,parameter,0.9,-96.4875089756805,108.20834330631166,9,1,1.0e15
lv_periodic,0.01,GPR,PE,c,parameter,3.0,2.8268544918713756,0.05771516937620813,9,1,1.0e15
lv_periodic,0.01,GPR,PE,d,parameter,0.8,0.808911019572813,0.01113877446601616,9,1,1.0e15
lv_periodic,0.05,GPR,PE,x1(t),state,2.0,2.8971560133666765,0.44857800668333825,1,1,0.19086612586374918
lv_periodic,0.05,GPR,PE,x2(t),state,0.5,0.34615338728905193,0.30769322542189614,1,1,0.19086612586374918
lv_periodic,0.05,GPR,PE,a,parameter,1.5,1.0481568764947564,0.3012287490034957,1,1,0.19086612586374918
lv_periodic,0.05,GPR,PE,b,parameter,0.9,0.7114824420230095,0.20946395330776726,1,1,0.19086612586374918
lv_periodic,0.05,GPR,PE,c,parameter,3.0,4.561739105223049,0.5205797017410164,1,1,0.19086612586374918
lv_periodic,0.05,GPR,PE,d,parameter,0.8,1.0491787729295323,0.31147346616191535,1,1,0.19086612586374918
lv_periodic,0.05,GPR,PE,x1(t),state,2.0,0.9558427509323962,0.5220786245338018,2,1,6.527816889797695
lv_periodic,0.05,GPR,PE,x2(t),state,0.5,303.0791870617525,605.158374123505,2,1,6.527816889797695
lv_periodic,0.05,GPR,PE,a,parameter,1.5,1.0510200701414314,0.29931995323904576,2,1,6.527816889797695
lv_periodic,0.05,GPR,PE,b,parameter,0.9,0.017907436553283078,0.9801028482741299,2,1,6.527816889797695
lv_periodic,0.05,GPR,PE,c,parameter,3.0,2.10316158118068,0.29894613960643995,2,1,6.527816889797695
lv_periodic,0.05,GPR,PE,d,parameter,0.8,0.22010825357410493,0.7248646830323688,2,1,6.527816889797695
lv_periodic,0.05,GPR,PE,x1(t),state,2.0,4.442508781108357,1.2212543905541784,3,1,0.2654445049747319
lv_periodic,0.05,GPR,PE,x2(t),state,0.5,4.65308944269033,8.30617888538066,3,1,0.2654445049747319
lv_periodic,0.05,GPR,PE,a,parameter,1.5,1.9397242480217038,0.2931494986811359,3,1,0.2654445049747319
lv_periodic,0.05,GPR,PE,b,parameter,0.9,0.9343348025450653,0.03814978060562808,3,1,0.2654445049747319
lv_periodic,0.05,GPR,PE,c,parameter,3.0,3.48199921588968,0.16066640529655998,3,1,0.2654445049747319
lv_periodic,0.05,GPR,PE,d,parameter,0.8,0.8456081834769923,0.05701022934624031,3,1,0.2654445049747319
lv_periodic,0.05,GPR,PE,x1(t),state,2.0,-9.121498606835158e-22,1.0,4,1,2.3699055867020803e14
lv_periodic,0.05,GPR,PE,x2(t),state,0.5,2.415469600231584e10,4.830939200363168e10,4,1,2.3699055867020803e14
lv_periodic,0.05,GPR,PE,a,parameter,1.5,0.6740632757284325,0.5506244828477117,4,1,2.3699055867020803e14
lv_periodic,0.05,GPR,PE,b,parameter,0.9,-0.9729948064940389,2.081105340548932,4,1,2.3699055867020803e14
lv_periodic,0.05,GPR,PE,c,parameter,3.0,3.9492820857847355,0.31642736192824517,4,1,2.3699055867020803e14
lv_periodic,0.05,GPR,PE,d,parameter,0.8,1.2673662735392262,0.5842078419240326,4,1,2.3699055867020803e14
lv_periodic,0.05,GPR,PE,x1(t),state,2.0,3.85710751713373,0.9285537585668651,5,1,0.23429522641760223
lv_periodic,0.05,GPR,PE,x2(t),state,0.5,4.809385227273976,8.618770454547953,5,1,0.23429522641760223
lv_periodic,0.05,GPR,PE,a,parameter,1.5,2.088729120489836,0.39248608032655746,5,1,0.23429522641760223
lv_periodic,0.05,GPR,PE,b,parameter,0.9,0.9629853103603558,0.06998367817817312,5,1,0.23429522641760223
lv_periodic,0.05,GPR,PE,c,parameter,3.0,2.7039950399083685,0.09866832003054382,5,1,0.23429522641760223
lv_periodic,0.05,GPR,PE,d,parameter,0.8,0.7669489352490596,0.04131383093867555,5,1,0.23429522641760223
lv_periodic,0.05,GPR,PE,x1(t),state,2.0,0.0,1.0,6,1,4.1846443559727635e20
lv_periodic,0.05,GPR,PE,x2(t),state,0.5,1.613724504835763e11,3.227449009661526e11,6,1,4.1846443559727635e20
lv_periodic,0.05,GPR,PE,a,parameter,1.5,0.356258044007968,0.7624946373280214,6,1,4.1846443559727635e20
lv_periodic,0.05,GPR,PE,b,parameter,0.9,-1.8242150425659862,3.026905602851096,6,1,4.1846443559727635e20
lv_periodic,0.05,GPR,PE,c,parameter,3.0,2.762244931234074,0.07925168958864193,6,1,4.1846443559727635e20
lv_periodic,0.05,GPR,PE,d,parameter,0.8,0.7305093740194286,0.08686328247571429,6,1,4.1846443559727635e20
lv_periodic,0.05,GPR,PE,x1(t),state,2.0,3.557602391661604,0.7788011958308021,7,1,0.2720658832551166
lv_periodic,0.05,GPR,PE,x2(t),state,0.5,4.860970999276273,8.721941998552547,7,1,0.2720658832551166
lv_periodic,0.05,GPR,PE,a,parameter,1.5,3.8129349511823905,1.5419566341215936,7,1,0.2720658832551166
lv_periodic,0.05,GPR,PE,b,parameter,0.9,1.3428403662447022,0.49204485138300236,7,1,0.2720658832551166
lv_periodic,0.05,GPR,PE,c,parameter,3.0,2.8955157104004563,0.03482809653318123,7,1,0.2720658832551166
lv_periodic,0.05,GPR,PE,d,parameter,0.8,0.7797187746715097,0.02535153166061288,7,1,0.2720658832551166
lv_periodic,0.05,GPR,PE,x1(t),state,2.0,2.1713512124739913,0.08567560623699566,8,1,0.19235119701990158
lv_periodic,0.05,GPR,PE,x2(t),state,0.5,1.6366264548252192,2.2732529096504384,8,1,0.19235119701990158
lv_periodic,0.05,GPR,PE,a,parameter,1.5,2.3442355220426885,0.5628236813617923,8,1,0.19235119701990158
lv_periodic,0.05,GPR,PE,b,parameter,0.9,2.611432097760856,1.9015912197342846,8,1,0.19235119701990158
lv_periodic,0.05,GPR,PE,c,parameter,3.0,2.0829665690083123,0.30567781033056257,8,1,0.19235119701990158
lv_periodic,0.05,GPR,PE,d,parameter,0.8,0.5444123922887455,0.31948450963906816,8,1,0.19235119701990158
lv_periodic,0.05,GPR,PE,x1(t),state,2.0,4.935588066771928e73,2.467794033385964e73,9,1,9.044902126167095e70
lv_periodic,0.05,GPR,PE,x2(t),state,0.5,0.0,1.0,9,1,9.044902126167095e70
lv_periodic,0.05,GPR,PE,a,parameter,1.5,-11.391690130948595,8.594460087299064,9,1,9.044902126167095e70
lv_periodic,0.05,GPR,PE,b,parameter,0.9,-1.743888821674239,2.9376542463047097,9,1,9.044902126167095e70
lv_periodic,0.05,GPR,PE,c,parameter,3.0,3.3927644255526315,0.1309214751842105,9,1,9.044902126167095e70
lv_periodic,0.05,GPR,PE,d,parameter,0.8,0.8535760401747068,0.06697005021838343,9,1,9.044902126167095e70
vanderpol,0.0,GPR,PE,x1(t),state,2.0,2.0000000422996194,2.1149809681375586e-8,1,1,3.5721996808480315e-8
vanderpol,0.0,GPR,PE,x2(t),state,0.0,1.65618473951397e-8,1.65618473951397e-8,1,1,3.5721996808480315e-8
vanderpol,0.0,GPR,PE,a,parameter,1.0,1.0000003438910972,3.438910971542697e-7,1,1,3.5721996808480315e-8
vanderpol,0.0,GPR,PE,b,parameter,1.0,1.0000000165402665,1.6540266489784017e-8,1,1,3.5721996808480315e-8
vanderpol,0.0,GPR,PE,x1(t),state,2.0,1.9999992591130684,3.704434657914035e-7,1,2,1.2570298903354289e-8
vanderpol,0.0,GPR,PE,x2(t),state,0.0,1.8356405791611306e-6,1.8356405791611306e-6,1,2,1.2570298903354289e-8
vanderpol,0.0,GPR,PE,a,parameter,1.0,0.9999999272422602,7.275773983295153e-8,1,2,1.2570298903354289e-8
vanderpol,0.0,GPR,PE,b,parameter,1.0,0.999999972786049,2.721395098159718e-8,1,2,1.2570298903354289e-8
vanderpol,0.0,GPR,PE,x1(t),state,2.0,1.9999993254859354,3.372570323012525e-7,1,3,1.7182973006451357e-8
vanderpol,0.0,GPR,PE,x2(t),state,0.0,2.0026366310981073e-6,2.0026366310981073e-6,1,3,1.7182973006451357e-8
vanderpol,0.0,GPR,PE,a,parameter,1.0,0.9999997536639215,2.4633607853541406e-7,1,3,1.7182973006451357e-8
vanderpol,0.0,GPR,PE,b,parameter,1.0,0.9999993143735073,6.856264926913269e-7,1,3,1.7182973006451357e-8
vanderpol,0.0,GPR,PE,x1(t),state,2.0,1.9999986142675092,6.928662453775658e-7,1,4,2.359828529628953e-8
vanderpol,0.0,GPR,PE,x2(t),state,0.0,3.61522032041116e-6,3.61522032041116e-6,1,4,2.359828529628953e-8
vanderpol,0.0,GPR,PE,a,parameter,1.0,1.000000020662604,2.0662604072185786e-8,1,4,2.359828529628953e-8
vanderpol,0.0,GPR,PE,b,parameter,1.0,1.0000001139383847,1.1393838472706364e-7,1,4,2.359828529628953e-8
vanderpol,0.0,GPR,PE,x1(t),state,2.0,1.999997802867338,1.0985663310147942e-6,1,5,1.3052457716150863e-7
vanderpol,0.0,GPR,PE,x2(t),state,0.0,-9.498341893416328e-7,9.498341893416328e-7,1,5,1.3052457716150863e-7
vanderpol,0.0,GPR,PE,a,parameter,1.0,0.9999991403991648,8.596008351791085e-7,1,5,1.3052457716150863e-7
vanderpol,0.0,GPR,PE,b,parameter,1.0,1.0000053600459653,5.3600459652969334e-6,1,5,1.3052457716150863e-7
vanderpol,0.0,GPR,PE,x1(t),state,2.0,2.0000040316146244,2.0158073121834263e-6,1,6,6.481701330019765e-8
vanderpol,0.0,GPR,PE,x2(t),state,0.0,-8.928551914488888e-6,8.928551914488888e-6,1,6,6.481701330019765e-8
vanderpol,0.0,GPR,PE,a,parameter,1.0,1.0000004733932248,4.733932248424111e-7,1,6,6.481701330019765e-8
vanderpol,0.0,GPR,PE,b,parameter,1.0,1.000000015719604,1.571960406288042e-8,1,6,6.481701330019765e-8
vanderpol,0.0,GPR,PE,x1(t),state,2.0,1.999992334363275,3.832818362470292e-6,2,1,1.6177019243956675e-7
vanderpol,0.0,GPR,PE,x2(t),state,0.0,2.5893511253042e-5,2.5893511253042e-5,2,1,1.6177019243956675e-7
vanderpol,0.0,GPR,PE,a,parameter,1.0,1.000000391841285,3.9184128497460335e-7,2,1,1.6177019243956675e-7
vanderpol,0.0,GPR,PE,b,parameter,1.0,0.9999962000680431,3.7999319568715606e-6,2,1,1.6177019243956675e-7
vanderpol,0.0,GPR,PE,x1(t),state,2.0,2.0000074559062258,3.7279531128753263e-6,3,1,1.360975002586003e-7
vanderpol,0.0,GPR,PE,x2(t),state,0.0,-2.1370664112060823e-5,2.1370664112060823e-5,3,1,1.360975002586003e-7
vanderpol,0.0,GPR,PE,a,parameter,1.0,0.9999998388311861,1.611688138503098e-7,3,1,1.360975002586003e-7
vanderpol,0.0,GPR,PE,b,parameter,1.0,1.0000001792588702,1.7925887019210052e-7,3,1,1.360975002586003e-7
vanderpol,0.0,GPR,PE,x1(t),state,2.0,1.9971209351652237,0.0014395324173881452,4,1,4.9937753129518195e-5
vanderpol,0.0,GPR,PE,x2(t),state,0.0,0.007789555931035733,0.007789555931035733,4,1,4.9937753129518195e-5
vanderpol,0.0,GPR,PE,a,parameter,1.0,0.9999933669190332,6.633080966822469e-6,4,1,4.9937753129518195e-5
vanderpol,0.0,GPR,PE,b,parameter,1.0,0.9999814941671499,1.8505832850124193e-5,4,1,4.9937753129518195e-5
vanderpol,0.01,GPR,PE,x1(t),state,2.0,1.994920663505263,0.0025396682473685095,1,1,0.0027395754782039844
vanderpol,0.01,GPR,PE,x2(t),state,0.0,0.008952600384949435,0.008952600384949435,1,1,0.0027395754782039844
vanderpol,0.01,GPR,PE,a,parameter,1.0,0.9775238691649231,0.022476130835076935,1,1,0.0027395754782039844
vanderpol,0.01,GPR,PE,b,parameter,1.0,1.0015547884290272,0.0015547884290272318,1,1,0.0027395754782039844
vanderpol,0.01,GPR,PE,x1(t),state,2.0,1.9791579820974297,0.010421008951285171,2,1,0.0010326508379554357
vanderpol,0.01,GPR,PE,x2(t),state,0.0,0.08962939953507829,0.08962939953507829,2,1,0.0010326508379554357
vanderpol,0.01,GPR,PE,a,parameter,1.0,1.0012122622656274,0.0012122622656274284,2,1,0.0010326508379554357
vanderpol,0.01,GPR,PE,b,parameter,1.0,0.9833926411120703,0.016607358887929746,2,1,0.0010326508379554357
vanderpol,0.01,GPR,PE,x1(t),state,2.0,1.875813142533906,0.06209342873304702,3,1,0.002402434836359302
vanderpol,0.01,GPR,PE,x2(t),state,0.0,0.3367784277007962,0.3367784277007962,3,1,0.002402434836359302
vanderpol,0.01,GPR,PE,a,parameter,1.0,1.00172303627679,0.0017230362767899354,3,1,0.002402434836359302
vanderpol,0.01,GPR,PE,b,parameter,1.0,0.9640861716941044,0.03591382830589562,3,1,0.002402434836359302
vanderpol,0.01,GPR,PE,x1(t),state,2.0,2.282888431850012,0.141444215925006,4,1,0.004936791221761204
vanderpol,0.01,GPR,PE,x2(t),state,0.0,-0.8614524912973568,0.8614524912973568,4,1,0.004936791221761204
vanderpol,0.01,GPR,PE,a,parameter,1.0,1.015142969805375,0.015142969805375106,4,1,0.004936791221761204
vanderpol,0.01,GPR,PE,b,parameter,1.0,0.9957357829577747,0.004264217042225349,4,1,0.004936791221761204
vanderpol,0.01,GPR,PE,x1(t),state,2.0,1.7922881213324744,0.1038559393337628,5,1,0.0034114029263211387
vanderpol,0.01,GPR,PE,x2(t),state,0.0,0.4338262072950181,0.4338262072950181,5,1,0.0034114029263211387
vanderpol,0.01,GPR,PE,a,parameter,1.0,0.9896245403459855,0.01037545965401454,5,1,0.0034114029263211387
vanderpol,0.01,GPR,PE,b,parameter,1.0,0.9935068818047652,0.006493118195234793,5,1,0.0034114029263211387
vanderpol,0.01,GPR,PE,x1(t),state,2.0,-0.4363347647240034,1.2181673823620016,6,1,0.06146212976802081
vanderpol,0.01,GPR,PE,x2(t),state,0.0,-0.1720285711992314,0.1720285711992314,6,1,0.06146212976802081
vanderpol,0.01,GPR,PE,a,parameter,1.0,3.7389193061110264,2.7389193061110264,6,1,0.06146212976802081
vanderpol,0.01,GPR,PE,b,parameter,1.0,2.5627966045018833,1.5627966045018833,6,1,0.06146212976802081
vanderpol,0.01,GPR,PE,x1(t),state,2.0,1.8283302336795433,0.08583488316022836,7,1,0.002811630342706071
vanderpol,0.01,GPR,PE,x2(t),state,0.0,0.33848234080804707,0.33848234080804707,7,1,0.002811630342706071
vanderpol,0.01,GPR,PE,a,parameter,1.0,0.9875079895427514,0.01249201045724857,7,1,0.002811630342706071
vanderpol,0.01,GPR,PE,b,parameter,1.0,1.0111574941664534,0.011157494166453397,7,1,0.002811630342706071
vanderpol,0.01,GPR,PE,x1(t),state,2.0,4.205437881366442e7,2.102718840683221e7,8,1,4.576212534546374e19
vanderpol,0.01,GPR,PE,x2(t),state,0.0,-2.759456158331459e22,2.759456158331459e22,8,1,4.576212534546374e19
vanderpol,0.01,GPR,PE,a,parameter,1.0,0.9501766053396606,0.04982339466033936,8,1,4.576212534546374e19
vanderpol,0.01,GPR,PE,b,parameter,1.0,1.0575853332632477,0.05758533326324766,8,1,4.576212534546374e19
vanderpol,0.01,GPR,PE,x1(t),state,2.0,0.7228884015539667,0.6385557992230166,9,1,0.03168769053279948
vanderpol,0.01,GPR,PE,x2(t),state,0.0,1.0779090785940864,1.0779090785940864,9,1,0.03168769053279948
vanderpol,0.01,GPR,PE,a,parameter,1.0,1.0593776385621176,0.05937763856211764,9,1,0.03168769053279948
vanderpol,0.01,GPR,PE,b,parameter,1.0,0.31181295505976486,0.6881870449402352,9,1,0.03168769053279948
vanderpol,0.05,GPR,PE,x1(t),state,2.0,1.9363653021307665,0.03181734893461674,1,1,0.019371843226524774
vanderpol,0.05,GPR,PE,x2(t),state,0.0,-0.011735407843183599,0.011735407843183599,1,1,0.019371843226524774
vanderpol,0.05,GPR,PE,a,parameter,1.0,0.8189386612877256,0.18106133871227437,1,1,0.019371843226524774
vanderpol,0.05,GPR,PE,b,parameter,1.0,1.0323709525466926,0.032370952546692644,1,1,0.019371843226524774
vanderpol,0.05,GPR,PE,x1(t),state,2.0,2.0092887748662265,0.0046443874331132395,2,1,0.0038302285696267427
vanderpol,0.05,GPR,PE,x2(t),state,0.0,-0.005438274560421732,0.005438274560421732,2,1,0.0038302285696267427
vanderpol,0.05,GPR,PE,a,parameter,1.0,0.9843399551656399,0.01566004483436012,2,1,0.0038302285696267427
vanderpol,0.05,GPR,PE,b,parameter,1.0,0.9804173748672538,0.019582625132746223,2,1,0.0038302285696267427
vanderpol,0.05,GPR,PE,x1(t),state,2.0,2.0117206871202806,0.005860343560140313,3,1,0.0036783316671870395
vanderpol,0.05,GPR,PE,x2(t),state,0.0,-0.06420571452145463,0.06420571452145463,3,1,0.0036783316671870395
vanderpol,0.05,GPR,PE,a,parameter,1.0,0.980584940252711,0.019415059747288965,3,1,0.0036783316671870395
vanderpol,0.05,GPR,PE,b,parameter,1.0,1.0026334141340727,0.002633414134072698,3,1,0.0036783316671870395
vanderpol,0.05,GPR,PE,x1(t),state,2.0,3.3019222876536114,0.6509611438268057,4,1,0.02918111112167183
vanderpol,0.05,GPR,PE,x2(t),state,0.0,-8.070756496784504,8.070756496784504,4,1,0.02918111112167183
vanderpol,0.05,GPR,PE,a,parameter,1.0,0.9910511836974445,0.008948816302555507,4,1,0.02918111112167183
vanderpol,0.05,GPR,PE,b,parameter,1.0,1.0256708040253495,0.025670804025349492,4,1,0.02918111112167183
vanderpol,0.05,GPR,PE,x1(t),state,2.0,1.6172679158503993,0.19136604207480035,5,1,0.007008976426678287
vanderpol,0.05,GPR,PE,x2(t),state,0.0,0.7669874182471602,0.7669874182471602,5,1,0.007008976426678287
vanderpol,0.05,GPR,PE,a,parameter,1.0,1.0183618941716044,0.018361894171604387,5,1,0.007008976426678287
vanderpol,0.05,GPR,PE,b,parameter,1.0,1.0070028422468493,0.007002842246849328,5,1,0.007008976426678287
vanderpol,0.05,GPR,PE,x1(t),state,2.0,2.333285720667834,0.16664286033391695,6,1,0.019164508832095386
vanderpol,0.05,GPR,PE,x2(t),state,0.0,-2.4722155376514436,2.4722155376514436,6,1,0.019164508832095386
vanderpol,0.05,GPR,PE,a,parameter,1.0,0.7385385274826212,0.26146147251737883,6,1,0.019164508832095386
vanderpol,0.05,GPR,PE,b,parameter,1.0,0.9072791827062348,0.09272081729376525,6,1,0.019164508832095386
vanderpol,0.05,GPR,PE,x1(t),state,2.0,1.6432097841242657,0.17839510793786717,7,1,0.007505821954126156
vanderpol,0.05,GPR,PE,x2(t),state,0.0,0.8447645796460972,0.8447645796460972,7,1,0.007505821954126156
vanderpol,0.05,GPR,PE,a,parameter,1.0,1.0385960099616383,0.038596009961638256,7,1,0.007505821954126156
vanderpol,0.05,GPR,PE,b,parameter,1.0,0.9792263998248752,0.02077360017512475,7,1,0.007505821954126156
vanderpol,0.05,GPR,PE,x1(t),state,2.0,-1.5057020201156044e7,7.528511100578022e6,8,1,1.8152673161794345e18
vanderpol,0.05,GPR,PE,x2(t),state,0.0,1.0946061916561839e21,1.0946061916561839e21,8,1,1.8152673161794345e18
vanderpol,0.05,GPR,PE,a,parameter,1.0,1.0982355344300478,0.09823553443004784,8,1,1.8152673161794345e18
vanderpol,0.05,GPR,PE,b,parameter,1.0,1.0564709204411924,0.056470920441192396,8,1,1.8152673161794345e18
vanderpol,0.05,GPR,PE,x1(t),state,2.0,0.6026076143069146,0.6986961928465427,9,1,0.029401474633364528
vanderpol,0.05,GPR,PE,x2(t),state,0.0,0.22426482572425896,0.22426482572425896,9,1,0.029401474633364528
vanderpol,0.05,GPR,PE,a,parameter,1.0,0.7240759526872783,0.2759240473127217,9,1,0.029401474633364528
vanderpol,0.05,GPR,PE,b,parameter,1.0,0.6992135425380915,0.30078645746190846,9,1,0.029401474633364528
lv_periodic,0.0,aaad,PE,x1(t),state,2.0,2.0000000000082476,4.1238124026676815e-12,1,1,0.1904141624745944
lv_periodic,0.0,aaad,PE,x2(t),state,0.5,0.5000000000091624,1.8324897155252984e-11,1,1,0.1904141624745944
lv_periodic,0.0,aaad,PE,a,parameter,1.5,1.4999999999985014,9.990526924260241e-13,1,1,0.1904141624745944
lv_periodic,0.0,aaad,PE,b,parameter,0.9,0.8999999999989843,1.1286033835883952e-12,1,1,0.1904141624745944
lv_periodic,0.0,aaad,PE,c,parameter,3.0,3.000000000040177,1.3392398301448338e-11,1,1,0.1904141624745944
lv_periodic,0.0,aaad,PE,d,parameter,0.8,0.8000000000050845,6.355610482344787e-12,1,1,0.1904141624745944
lv_periodic,0.0,aaad,PE,x1(t),state,2.0,1.9999999999919367,4.0316638916237935e-12,1,2,0.1904141624739287
lv_periodic,0.0,aaad,PE,x2(t),state,0.5,0.5000000000026702,5.340394793051928e-12,1,2,0.1904141624739287
lv_periodic,0.0,aaad,PE,a,parameter,1.5,1.5000000000001947,1.2982207901283496e-13,1,2,0.1904141624739287
lv_periodic,0.0,aaad,PE,b,parameter,0.9,0.9000000000018593,2.0658783325997218e-12,1,2,0.1904141624739287
lv_periodic,0.0,aaad,PE,c,parameter,3.0,3.000000000004669,1.5563846507878527e-12,1,2,0.1904141624739287
lv_periodic,0.0,aaad,PE,d,parameter,0.8,0.800000000002503,3.1287472612717693e-12,1,2,0.1904141624739287
lv_periodic,0.0,aaad,PE,x1(t),state,2.0,2.0000000000096603,4.830136290934206e-12,1,3,0.1904141624746342
lv_periodic,0.0,aaad,PE,x2(t),state,0.5,0.49999999999519174,9.616529794698181e-12,1,3,0.1904141624746342
lv_periodic,0.0,aaad,PE,a,parameter,1.5,1.4999999999971223,1.9184653865522705e-12,1,3,0.1904141624746342
lv_periodic,0.0,aaad,PE,b,parameter,0.9,0.8999999999990127,1.097023706443502e-12,1,3,0.1904141624746342
lv_periodic,0.0,aaad,PE,c,parameter,3.0,3.0000000000011786,3.928709209806887e-13,1,3,0.1904141624746342
lv_periodic,0.0,aaad,PE,d,parameter,0.8,0.8000000000005004,6.254718964981976e-13,1,3,0.1904141624746342
lv_periodic,0.0,aaad,PE,x1(t),state,2.0,2.0000000000338054,1.6902701460708158e-11,1,4,0.19041416247553278
lv_periodic,0.0,aaad,PE,x2(t),state,0.5,0.4999999999887289,2.2542190336594103e-11,1,4,0.19041416247553278
lv_periodic,0.0,aaad,PE,a,parameter,1.5,1.4999999999936962,4.2025642225477595e-12,1,4,0.19041416247553278
lv_periodic,0.0,aaad,PE,b,parameter,0.9,0.8999999999881874,1.3125179955232448e-11,1,4,0.19041416247553278
lv_periodic,0.0,aaad,PE,c,parameter,3.0,3.0000000000020424,6.80788758700146e-13,1,4,0.19041416247553278
lv_periodic,0.0,aaad,PE,d,parameter,0.8,0.8000000000010413,1.301597718494918e-12,1,4,0.19041416247553278
lv_periodic,0.0,aaad,PE,x1(t),state,2.0,1.9999999914409587,4.279520626759847e-9,1,5,0.19041416222783644
lv_periodic,0.0,aaad,PE,x2(t),state,0.5,0.5000000036263968,7.252793698953042e-9,1,5,0.19041416222783644
lv_periodic,0.0,aaad,PE,a,parameter,1.5,1.5000000011847219,7.898145841049123e-10,1,5,0.19041416222783644
lv_periodic,0.0,aaad,PE,b,parameter,0.9,0.9000000002497427,2.7749185665331627e-10,1,5,0.19041416222783644
lv_periodic,0.0,aaad,PE,c,parameter,3.0,3.000000000056496,1.8832047032901755e-11,1,5,0.19041416222783644
lv_periodic,0.0,aaad,PE,d,parameter,0.8,0.8000000000109254,1.3656714648035972e-11,1,5,0.19041416222783644
lv_periodic,0.0,aaad,PE,x1(t),state,2.0,2.0000000001247846,6.239231353788455e-11,1,6,0.19041416247878565
lv_periodic,0.0,aaad,PE,x2(t),state,0.5,0.4999999999582536,8.349276825470042e-11,1,6,0.19041416247878565
lv_periodic,0.0,aaad,PE,a,parameter,1.5,1.4999999999898952,6.736537253952217e-12,1,6,0.19041416247878565
lv_periodic,0.0,aaad,PE,b,parameter,0.9,0.8999999999747721,2.8031034283849798e-11,1,6,0.19041416247878565
lv_periodic,0.0,aaad,PE,c,parameter,3.0,2.9999999999951634,1.612191861492344e-12,1,6,0.19041416247878565
lv_periodic,0.0,aaad,PE,d,parameter,0.8,0.7999999999981029,2.3714363805993344e-12,1,6,0.19041416247878565
lv_periodic,0.0,aaad,PE,x1(t),state,2.0,1.999999999948824,2.5587976182350758e-11,1,7,0.19041416247289047
lv_periodic,0.0,aaad,PE,x2(t),state,0.5,0.5000000000204946,4.0989212024555854e-11,1,7,0.19041416247289047
lv_periodic,0.0,aaad,PE,a,parameter,1.5,1.5000000000039677,2.6451433636035895e-12,1,7,0.19041416247289047
lv_periodic,0.0,aaad,PE,b,parameter,0.9,0.9000000000008063,8.958266227586541e-13,1,7,0.19041416247289047
lv_periodic,0.0,aaad,PE,c,parameter,3.0,3.000000000003205,1.068330609162634e-12,1,7,0.19041416247289047
lv_periodic,0.0,aaad,PE,d,parameter,0.8,0.8000000000003692,4.614364446098307e-13,1,7,0.19041416247289047
lv_periodic,0.0,aaad,PE,x1(t),state,2.0,1.9999999999634304,1.8284818104064016e-11,1,8,0.1904141624731174
lv_periodic,0.0,aaad,PE,x2(t),state,0.5,0.5000000000120911,2.4182211788570385e-11,1,8,0.1904141624731174
lv_periodic,0.0,aaad,PE,a,parameter,1.5,1.5000000000036038,2.4025226252888388e-12,1,8,0.1904141624731174
lv_periodic,0.0,aaad,PE,b,parameter,0.9,0.9000000000099448,1.1049803047866489e-11,1,8,0.1904141624731174
lv_periodic,0.0,aaad,PE,c,parameter,3.0,2.999999999996467,1.177724584522366e-12,1,8,0.1904141624731174
lv_periodic,0.0,aaad,PE,d,parameter,0.8,0.7999999999991148,1.1066147997951248e-12,1,8,0.1904141624731174
lv_periodic,0.0,aaad,PE,x1(t),state,2.0,2.033975249692087,0.016987624846043436,2,1,0.19132256621514454
lv_periodic,0.0,aaad,PE,x2(t),state,0.5,0.48732991098133943,0.025340178037321137,2,1,0.19132256621514454
lv_periodic,0.0,aaad,PE,a,parameter,1.5,1.497291962961302,0.001805358025798694,2,1,0.19132256621514454
lv_periodic,0.0,aaad,PE,b,parameter,0.9,0.8994373893823201,0.0006251229085332512,2,1,0.19132256621514454
lv_periodic,0.0,aaad,PE,c,parameter,3.0,3.0001834735837294,6.115786124312923e-5,2,1,0.19132256621514454
lv_periodic,0.0,aaad,PE,d,parameter,0.8,0.8000504417567725,6.305219596561273e-5,2,1,0.19132256621514454
lv_periodic,0.01,aaad,PE,x1(t),state,2.0,5.34975274267507,1.6748763713375352,1,1,0.22899187985112565
lv_periodic,0.01,aaad,PE,x2(t),state,0.5,0.024097876882609386,0.9518042462347812,1,1,0.22899187985112565
lv_periodic,0.01,aaad,PE,a,parameter,1.5,0.4976484666554681,0.6682343555630212,1,1,0.22899187985112565
lv_periodic,0.01,aaad,PE,b,parameter,0.9,0.5603216381653855,0.37742040203846056,1,1,0.22899187985112565
lv_periodic,0.01,aaad,PE,c,parameter,3.0,2.827351803201465,0.057549398932844976,1,1,0.22899187985112565
lv_periodic,0.01,aaad,PE,d,parameter,0.8,0.7986275910463687,0.0017155111920391652,1,1,0.22899187985112565
lv_periodic,0.01,aaad,PE,x1(t),state,2.0,1.672548616577735e-17,1.0,2,1,2.7828082541760223e13
lv_periodic,0.01,aaad,PE,x2(t),state,0.5,2889.788372449808,5778.576744899616,2,1,2.7828082541760223e13
lv_periodic,0.01,aaad,PE,a,parameter,1.5,-0.11832470688233789,1.0788831379215587,2,1,2.7828082541760223e13
lv_periodic,0.01,aaad,PE,b,parameter,0.9,-1.9130540488446033,3.125615609827337,2,1,2.7828082541760223e13
lv_periodic,0.01,aaad,PE,c,parameter,3.0,2.8556265652982873,0.048124478233904235,2,1,2.7828082541760223e13
lv_periodic,0.01,aaad,PE,d,parameter,0.8,0.672310933980964,0.15961133252379509,2,1,2.7828082541760223e13
lv_periodic,0.01,aaad,PE,x1(t),state,2.0,7.424393166265387e303,3.7121965831326935e303,3,1,1.0e15
lv_periodic,0.01,aaad,PE,x2(t),state,0.5,0.0,1.0,3,1,1.0e15
lv_periodic,0.01,aaad,PE,a,parameter,1.5,-2797.2256443407323,1865.817096227155,3,1,1.0e15
lv_periodic,0.01,aaad,PE,b,parameter,0.9,-707.1918909506264,786.7687677229183,3,1,1.0e15
lv_periodic,0.01,aaad,PE,c,parameter,3.0,-0.7060125280548786,1.2353375093516261,3,1,1.0e15
lv_periodic,0.01,aaad,PE,d,parameter,0.8,0.19176610848635703,0.7602923643920537,3,1,1.0e15
lv_periodic,0.01,aaad,PE,x1(t),state,2.0,1.7256114060592866,0.13719429697035668,4,1,0.17011869831842005
lv_periodic,0.01,aaad,PE,x2(t),state,0.5,0.6199519330780823,0.23990386615616455,4,1,0.17011869831842005
lv_periodic,0.01,aaad,PE,a,parameter,1.5,1.3646444597286238,0.09023702684758413,4,1,0.17011869831842005
lv_periodic,0.01,aaad,PE,b,parameter,0.9,0.41979841880923885,0.533557312434179,4,1,0.17011869831842005
lv_periodic,0.01,aaad,PE,c,parameter,3.0,3.758230532563868,0.2527435108546226,4,1,0.17011869831842005
lv_periodic,0.01,aaad,PE,d,parameter,0.8,1.111521496376479,0.3894018704705987,4,1,0.17011869831842005
lv_periodic,0.01,aaad,PE,x1(t),state,2.0,1.769100844421348e-5,0.9999911544957779,5,1,3.085706224409221e7
lv_periodic,0.01,aaad,PE,x2(t),state,0.5,0.37913277793836636,0.24173444412326728,5,1,3.085706224409221e7
lv_periodic,0.01,aaad,PE,a,parameter,1.5,2.268335054313848,0.5122233695425654,5,1,3.085706224409221e7
lv_periodic,0.01,aaad,PE,b,parameter,0.9,1.0817251665723027,0.20191685174700294,5,1,3.085706224409221e7
lv_periodic,0.01,aaad,PE,c,parameter,3.0,-0.02924150948917189,1.009747169829724,5,1,3.085706224409221e7
lv_periodic,0.01,aaad,PE,d,parameter,0.8,0.16415028605570262,0.7948121424303718,5,1,3.085706224409221e7
lv_periodic,0.01,aaad,PE,x1(t),state,2.0,5.2663404016398045,1.6331702008199023,6,1,0.23433631491340723
lv_periodic,0.01,aaad,PE,x2(t),state,0.5,0.42579290304921624,0.14841419390156751,6,1,0.23433631491340723
lv_periodic,0.01,aaad,PE,a,parameter,1.5,1.85921051951205,0.23947367967470004,6,1,0.23433631491340723
lv_periodic,0.01,aaad,PE,b,parameter,0.9,2.0421133778075617,1.2690148642306243,6,1,0.23433631491340723
lv_periodic,0.01,aaad,PE,c,parameter,3.0,3.278304528361599,0.09276817612053294,6,1,0.23433631491340723
lv_periodic,0.01,aaad,PE,d,parameter,0.8,0.913747915993427,0.14218489499178366,6,1,0.23433631491340723
lv_periodic,0.01,aaad,PE,x1(t),state,2.0,4.6683214865506984e302,2.3341607432753492e302,7,1,1.0e15
lv_periodic,0.01,aaad,PE,x2(t),state,0.5,0.0,1.0,7,1,1.0e15
lv_periodic,0.01,aaad,PE,a,parameter,1.5,-44490.90881408139,29661.605876054262,7,1,1.0e15
lv_periodic,0.01,aaad,PE,b,parameter,0.9,-9594.081916021705,10661.091017801895,7,1,1.0e15
lv_periodic,0.01,aaad,PE,c,parameter,3.0,-0.3294988460402345,1.1098329486800782,7,1,1.0e15
lv_periodic,0.01,aaad,PE,d,parameter,0.8,0.0994268674760611,0.8757164156549236,7,1,1.0e15
lv_periodic,0.01,aaad,PE,x1(t),state,2.0,10.5570343294467,4.27851716472335,8,1,0.36450007894040426
lv_periodic,0.01,aaad,PE,x2(t),state,0.5,1.3807776645465597,1.7615553290931194,8,1,0.36450007894040426
lv_periodic,0.01,aaad,PE,a,parameter,1.5,1.6538094046963996,0.10253960313093306,8,1,0.36450007894040426
lv_periodic,0.01,aaad,PE,b,parameter,0.9,1.2481725526635745,0.3868583918484161,8,1,0.36450007894040426
lv_periodic,0.01,aaad,PE,c,parameter,3.0,2.1531376321805205,0.2822874559398265,8,1,0.36450007894040426
lv_periodic,0.01,aaad,PE,d,parameter,0.8,0.4896891861569029,0.3878885173038714,8,1,0.36450007894040426
lv_periodic,0.01,aaad,PE,x1(t),state,2.0,2.4184876707505554e101,1.2092438353752777e101,9,1,4.2140794440435475e98
lv_periodic,0.01,aaad,PE,x2(t),state,0.5,0.0,1.0,9,1,4.2140794440435475e98
lv_periodic,0.01,aaad,PE,a,parameter,1.5,-15.751170890363149,11.500780593575433,9,1,4.2140794440435475e98
lv_periodic,0.01,aaad,PE,b,parameter,0.9,-2.6516685482269895,3.946298386918877,9,1,4.2140794440435475e98
lv_periodic,0.01,aaad,PE,c,parameter,3.0,2.592948476405167,0.13568384119827762,9,1,4.2140794440435475e98
lv_periodic,0.01,aaad,PE,d,parameter,0.8,0.651053676177817,0.18618290477772886,9,1,4.2140794440435475e98
lv_periodic,0.05,aaad,PE,x1(t),state,2.0,9.061805881956454,3.530902940978227,1,1,1.635399655433927
lv_periodic,0.05,aaad,PE,x2(t),state,0.5,2.590628148405583,4.181256296811166,1,1,1.635399655433927
lv_periodic,0.05,aaad,PE,a,parameter,1.5,-39.177541692122354,27.11836112808157,1,1,1.635399655433927
lv_periodic,0.05,aaad,PE,b,parameter,0.9,-13.221027858795596,15.69003095421733,1,1,1.635399655433927
lv_periodic,0.05,aaad,PE,c,parameter,3.0,-11.158801952457944,4.719600650819315,1,1,1.635399655433927
lv_periodic,0.05,aaad,PE,d,parameter,0.8,-1.0839995886157767,2.3549994857697207,1,1,1.635399655433927
lv_periodic,0.05,aaad,PE,x1(t),state,2.0,2.0001242522000635,6.212610003175634e-5,2,1,0.16126430720601528
lv_periodic,0.05,aaad,PE,x2(t),state,0.5,1.8200718702611907,2.6401437405223813,2,1,0.16126430720601528
lv_periodic,0.05,aaad,PE,a,parameter,1.5,2.268936624100483,0.5126244160669886,2,1,0.16126430720601528
lv_periodic,0.05,aaad,PE,b,parameter,0.9,2.080998483657654,1.3122205373973934,2,1,0.16126430720601528
lv_periodic,0.05,aaad,PE,c,parameter,3.0,573.4441772035509,190.1480590678503,2,1,0.16126430720601528
lv_periodic,0.05,aaad,PE,d,parameter,0.8,292.8958369171526,365.11979614644076,2,1,0.16126430720601528
lv_periodic,0.05,aaad,PE,x1(t),state,2.0,4.540061824474116,1.270030912237058,3,1,0.7146698385357125
lv_periodic,0.05,aaad,PE,x2(t),state,0.5,1.8988428288166894,2.797685657633379,3,1,0.7146698385357125
lv_periodic,0.05,aaad,PE,a,parameter,1.5,11.191445407471345,6.460963604980897,3,1,0.7146698385357125
lv_periodic,0.05,aaad,PE,b,parameter,0.9,3.8191070781143934,3.243452309015993,3,1,0.7146698385357125
lv_periodic,0.05,aaad,PE,c,parameter,3.0,1.6746903647082074,0.4417698784305975,3,1,0.7146698385357125
lv_periodic,0.05,aaad,PE,d,parameter,0.8,0.6412534563325116,0.19843317958436052,3,1,0.7146698385357125
lv_periodic,0.05,aaad,PE,x1(t),state,2.0,0.0007516834932608641,0.9996241582533696,4,1,200.62533764324624
lv_periodic,0.05,aaad,PE,x2(t),state,0.5,0.0,1.0,4,1,200.62533764324624
lv_periodic,0.05,aaad,PE,a,parameter,1.5,1.199643320731637,0.20023778617890864,4,1,200.62533764324624
lv_periodic,0.05,aaad,PE,b,parameter,0.9,-1.1230002915659567,2.247778101739952,4,1,200.62533764324624
lv_periodic,0.05,aaad,PE,c,parameter,3.0,-21161.338189448918,7054.7793964829725,4,1,200.62533764324624
lv_periodic,0.05,aaad,PE,d,parameter,0.8,-10214.289863320446,12768.862329150556,4,1,200.62533764324624
lv_periodic,0.05,aaad,PE,x1(t),state,2.0,1.0035574999543967e141,5.017787499771984e140,5,1,1.666540587955984e138
lv_periodic,0.05,aaad,PE,x2(t),state,0.5,0.0,1.0,5,1,1.666540587955984e138
lv_periodic,0.05,aaad,PE,a,parameter,1.5,-39.3864398961534,27.2576265974356,5,1,1.666540587955984e138
lv_periodic,0.05,aaad,PE,b,parameter,0.9,-7.096780068935169,8.885311187705744,5,1,1.666540587955984e138
lv_periodic,0.05,aaad,PE,c,parameter,3.0,0.7079842751063038,0.7640052416312321,5,1,1.666540587955984e138
lv_periodic,0.05,aaad,PE,d,parameter,0.8,0.4411457799161525,0.4485677751048094,5,1,1.666540587955984e138
lv_periodic,0.05,aaad,PE,x1(t),state,2.0,2.397953065283641,0.19897653264182047,6,1,1.0e15
lv_periodic,0.05,aaad,PE,x2(t),state,0.5,0.43219741885595997,0.13560516228808006,6,1,1.0e15
lv_periodic,0.05,aaad,PE,a,parameter,1.5,9620.195847924735,6412.46389861649,6,1,1.0e15
lv_periodic,0.05,aaad,PE,b,parameter,0.9,22247.25341725812,24718.170463620132,6,1,1.0e15
lv_periodic,0.05,aaad,PE,c,parameter,3.0,25.429522030482072,7.476507343494024,6,1,1.0e15
lv_periodic,0.05,aaad,PE,d,parameter,0.8,10.80559044511854,12.506988056398173,6,1,1.0e15
lv_periodic,0.05,aaad,PE,x1(t),state,2.0,5.0428960534944364e38,2.5214480267472182e38,7,1,1.013683844007345e36
lv_periodic,0.05,aaad,PE,x2(t),state,0.5,0.0,1.0,7,1,1.013683844007345e36
lv_periodic,0.05,aaad,PE,a,parameter,1.5,-7.60966981008286,6.0731132067219065,7,1,1.013683844007345e36
lv_periodic,0.05,aaad,PE,b,parameter,0.9,-1.0147690647883536,2.1275211830981706,7,1,1.013683844007345e36
lv_periodic,0.05,aaad,PE,c,parameter,3.0,4.477340441296664,0.49244681376555466,7,1,1.013683844007345e36
lv_periodic,0.05,aaad,PE,d,parameter,0.8,1.1933924296988803,0.4917405371236003,7,1,1.013683844007345e36
lv_periodic,0.05,aaad,PE,x1(t),state,2.0,2.6400754246336073,0.32003771231680367,8,1,0.12730826016998764
lv_periodic,0.05,aaad,PE,x2(t),state,0.5,0.3144529820977619,0.3710940358044762,8,1,0.12730826016998764
lv_periodic,0.05,aaad,PE,a,parameter,1.5,-9.488947822933001,7.325965215288668,8,1,0.12730826016998764
lv_periodic,0.05,aaad,PE,b,parameter,0.9,-28.152297977403787,32.2803310860042,8,1,0.12730826016998764
lv_periodic,0.05,aaad,PE,c,parameter,3.0,-12.20137504734108,5.06712501578036,8,1,0.12730826016998764
lv_periodic,0.05,aaad,PE,d,parameter,0.8,-5.243688129825165,7.554610162281456,8,1,0.12730826016998764
lv_periodic,0.05,aaad,PE,x1(t),state,2.0,2.0492396660164762,0.024619833008238112,9,1,16.017271863392047
lv_periodic,0.05,aaad,PE,x2(t),state,0.5,4.80172388742787,8.60344777485574,9,1,16.017271863392047
lv_periodic,0.05,aaad,PE,a,parameter,1.5,79.12367915782679,51.74911943855119,9,1,16.017271863392047
lv_periodic,0.05,aaad,PE,b,parameter,0.9,17.61381959165016,18.570910657389067,9,1,16.017271863392047
lv_periodic,0.05,aaad,PE,c,parameter,3.0,0.5907166926320128,0.8030944357893292,9,1,16.017271863392047
lv_periodic,0.05,aaad,PE,d,parameter,0.8,0.25959436275173914,0.675507046560326,9,1,16.017271863392047
vanderpol,0.0,aaad,PE,x1(t),state,2.0,1.9999999999997056,1.4721557306529576e-13,1,1,1.5635619865838025e-13
vanderpol,0.0,aaad,PE,x2(t),state,0.0,1.7877844718739635e-13,1.7877844718739635e-13,1,1,1.5635619865838025e-13
vanderpol,0.0,aaad,PE,a,parameter,1.0,0.9999999999984837,1.5163426070330388e-12,1,1,1.5635619865838025e-13
vanderpol,0.0,aaad,PE,b,parameter,1.0,0.9999999999999224,7.760458942129844e-14,1,1,1.5635619865838025e-13
vanderpol,0.0,aaad,PE,x1(t),state,2.0,1.9999999999988494,5.753175713607561e-13,1,2,3.378296323945194e-14
vanderpol,0.0,aaad,PE,x2(t),state,0.0,3.14891125399845e-12,3.14891125399845e-12,1,2,3.378296323945194e-14
vanderpol,0.0,aaad,PE,a,parameter,1.0,0.999999999999668,3.319566843629218e-13,1,2,3.378296323945194e-14
vanderpol,0.0,aaad,PE,b,parameter,1.0,0.9999999999996231,3.7692071686024065e-13,1,2,3.378296323945194e-14
vanderpol,0.0,aaad,PE,x1(t),state,2.0,1.9999999999902944,4.852784840636559e-12,1,3,1.8460439854537364e-13
vanderpol,0.0,aaad,PE,x2(t),state,0.0,2.938170302852668e-11,2.938170302852668e-11,1,3,1.8460439854537364e-13
vanderpol,0.0,aaad,PE,a,parameter,1.0,0.9999999999997512,2.488009798184976e-13,1,3,1.8460439854537364e-13
vanderpol,0.0,aaad,PE,b,parameter,1.0,0.9999999999972887,2.7112756484370948e-12,1,3,1.8460439854537364e-13
vanderpol,0.0,aaad,PE,x1(t),state,2.0,2.0000000000004947,2.473576898864849e-13,1,4,1.2414582787766739e-14
vanderpol,0.0,aaad,PE,x2(t),state,0.0,-9.941794530402337e-13,9.941794530402337e-13,1,4,1.2414582787766739e-14
vanderpol,0.0,aaad,PE,a,parameter,1.0,0.9999999999998592,1.4077627952246985e-13,1,4,1.2414582787766739e-14
vanderpol,0.0,aaad,PE,b,parameter,1.0,0.9999999999994763,5.236922007156863e-13,1,4,1.2414582787766739e-14
vanderpol,0.0,aaad,PE,x1(t),state,2.0,1.9999999999963989,1.8005597013370789e-12,1,5,6.33313288484205e-14
vanderpol,0.0,aaad,PE,x2(t),state,0.0,9.441188685454172e-12,9.441188685454172e-12,1,5,6.33313288484205e-14
vanderpol,0.0,aaad,PE,a,parameter,1.0,1.0000000000002411,2.41140440948584e-13,1,5,6.33313288484205e-14
vanderpol,0.0,aaad,PE,b,parameter,1.0,1.0000000000008424,8.424372310855688e-13,1,5,6.33313288484205e-14
vanderpol,0.0,aaad,PE,x1(t),state,2.0,1.9999999999900482,4.975908574067489e-12,1,6,1.233388204640582e-12
vanderpol,0.0,aaad,PE,x2(t),state,0.0,-8.244394851374901e-11,8.244394851374901e-11,1,6,1.233388204640582e-12
vanderpol,0.0,aaad,PE,a,parameter,1.0,0.9999999999714795,2.8520519279595646e-11,1,6,1.233388204640582e-12
vanderpol,0.0,aaad,PE,b,parameter,1.0,1.0000000000066234,6.623368520308759e-12,1,6,1.233388204640582e-12
vanderpol,0.0,aaad,PE,x1(t),state,2.0,1.9999999999962559,1.872058064122939e-12,1,7,6.090716963918663e-14
vanderpol,0.0,aaad,PE,x2(t),state,0.0,8.877576665439621e-12,8.877576665439621e-12,1,7,6.090716963918663e-14
vanderpol,0.0,aaad,PE,a,parameter,1.0,0.9999999999996745,3.255173908200959e-13,1,7,6.090716963918663e-14
vanderpol,0.0,aaad,PE,b,parameter,1.0,0.9999999999999301,6.994405055138486e-14,1,7,6.090716963918663e-14
vanderpol,0.0,aaad,PE,x1(t),state,2.0,2.0000000000302447,1.5122347818419257e-11,1,8,5.157234341166232e-13
vanderpol,0.0,aaad,PE,x2(t),state,0.0,-8.002673406422718e-11,8.002673406422718e-11,1,8,5.157234341166232e-13
vanderpol,0.0,aaad,PE,a,parameter,1.0,1.0000000000005418,5.417888360170764e-13,1,8,5.157234341166232e-13
vanderpol,0.0,aaad,PE,b,parameter,1.0,1.0000000000003222,3.2218672174622043e-13,1,8,5.157234341166232e-13
vanderpol,0.0,aaad,PE,x1(t),state,2.0,2.0000000102499342,5.124967117353663e-9,1,9,1.791498967088561e-10
vanderpol,0.0,aaad,PE,x2(t),state,0.0,-2.8036613823223325e-8,2.8036613823223325e-8,1,9,1.791498967088561e-10
vanderpol,0.0,aaad,PE,a,parameter,1.0,0.999999999996349,3.650968416479827e-12,1,9,1.791498967088561e-10
vanderpol,0.0,aaad,PE,b,parameter,1.0,1.0000000001052003,1.0520029292138133e-10,1,9,1.791498967088561e-10
vanderpol,0.01,aaad,PE,x1(t),state,2.0,1.8476969141532011,0.07615154292339943,1,1,0.10207399511509929
vanderpol,0.01,aaad,PE,x2(t),state,0.0,0.23785147725921932,0.23785147725921932,1,1,0.10207399511509929
vanderpol,0.01,aaad,PE,a,parameter,1.0,0.3090850592971239,0.6909149407028761,1,1,0.10207399511509929
vanderpol,0.01,aaad,PE,b,parameter,1.0,0.6243446088043767,0.3756553911956233,1,1,0.10207399511509929
vanderpol,0.01,aaad,PE,x1(t),state,2.0,1.8517379474800624,0.07413102625996881,2,1,0.004299781995789863
vanderpol,0.01,aaad,PE,x2(t),state,0.0,0.4893590352557156,0.4893590352557156,2,1,0.004299781995789863
vanderpol,0.01,aaad,PE,a,parameter,1.0,1.0307814507984183,0.03078145079841832,2,1,0.004299781995789863
vanderpol,0.01,aaad,PE,b,parameter,1.0,0.8756119862734316,0.12438801372656838,2,1,0.004299781995789863
vanderpol,0.01,aaad,PE,x1(t),state,2.0,2.695211988695924,0.3476059943479619,3,1,0.013839185287306465
vanderpol,0.01,aaad,PE,x2(t),state,0.0,-2.3911732706064917,2.3911732706064917,3,1,0.013839185287306465
vanderpol,0.01,aaad,PE,a,parameter,1.0,1.142567207741651,0.1425672077416511,3,1,0.013839185287306465
vanderpol,0.01,aaad,PE,b,parameter,1.0,1.0154454142725184,0.015445414272518443,3,1,0.013839185287306465
vanderpol,0.01,aaad,PE,x1(t),state,2.0,1.203490362805298,0.398254818597351,4,1,0.012675823170456147
vanderpol,0.01,aaad,PE,x2(t),state,0.0,0.963818569283964,0.963818569283964,4,1,0.012675823170456147
vanderpol,0.01,aaad,PE,a,parameter,1.0,0.9992963051521278,0.0007036948478722493,4,1,0.012675823170456147
vanderpol,0.01,aaad,PE,b,parameter,1.0,1.2941833174452861,0.29418331744528614,4,1,0.012675823170456147
vanderpol,0.01,aaad,PE,x1(t),state,2.0,2.127809333982258e7,1.063904566991129e7,5,1,3.2985029774180675e18
vanderpol,0.01,aaad,PE,x2(t),state,0.0,-1.988997295383073e21,1.988997295383073e21,5,1,3.2985029774180675e18
vanderpol,0.01,aaad,PE,a,parameter,1.0,1.6658950163153108,0.6658950163153108,5,1,3.2985029774180675e18
vanderpol,0.01,aaad,PE,b,parameter,1.0,1.0318223892169351,0.03182238921693514,5,1,3.2985029774180675e18
vanderpol,0.01,aaad,PE,x1(t),state,2.0,-8.301431929744936e6,4.150716964872468e6,6,1,5.524275050758154e15
vanderpol,0.01,aaad,PE,x2(t),state,0.0,-3.3311378555988654e18,3.3311378555988654e18,6,1,5.524275050758154e15
vanderpol,0.01,aaad,PE,a,parameter,1.0,-199.88963182754625,200.88963182754625,6,1,5.524275050758154e15
vanderpol,0.01,aaad,PE,b,parameter,1.0,3.491765706274274,2.491765706274274,6,1,5.524275050758154e15
vanderpol,0.01,aaad,PE,x1(t),state,2.0,-1.2431926355365444e7,6.215964177682722e6,7,1,3.253393485813957e16
vanderpol,0.01,aaad,PE,x2(t),state,0.0,1.9617962719445725e19,1.9617962719445725e19,7,1,3.253393485813957e16
vanderpol,0.01,aaad,PE,a,parameter,1.0,50.36385746462393,49.36385746462393,7,1,3.253393485813957e16
vanderpol,0.01,aaad,PE,b,parameter,1.0,1.5426906929888415,0.5426906929888415,7,1,3.253393485813957e16
vanderpol,0.01,aaad,PE,x1(t),state,2.0,-2.515455005931224e6,1.257728502965612e6,8,1,1.5694797809848195e17
vanderpol,0.01,aaad,PE,x2(t),state,0.0,9.46396307933821e19,9.46396307933821e19,8,1,1.5694797809848195e17
vanderpol,0.01,aaad,PE,a,parameter,1.0,1.040326998743539,0.040326998743539066,8,1,1.5694797809848195e17
vanderpol,0.01,aaad,PE,b,parameter,1.0,18.55728771410596,17.55728771410596,8,1,1.5694797809848195e17
vanderpol,0.01,aaad,PE,x1(t),state,2.0,1.7183042087313662,0.14084789563431688,9,1,0.03951440305881681
vanderpol,0.01,aaad,PE,x2(t),state,0.0,0.38389165447722795,0.38389165447722795,9,1,0.03951440305881681
vanderpol,0.01,aaad,PE,a,parameter,1.0,0.7220721372522034,0.2779278627477966,9,1,0.03951440305881681
vanderpol,0.01,aaad,PE,b,parameter,1.0,-2.154815161551728,3.154815161551728,9,1,0.03951440305881681
vanderpol,0.05,aaad,PE,x1(t),state,2.0,0.2859698042462621,0.8570150978768689,1,1,0.1605297058432473
vanderpol,0.05,aaad,PE,x2(t),state,0.0,-0.15941001379653974,0.15941001379653974,1,1,0.1605297058432473
vanderpol,0.05,aaad,PE,a,parameter,1.0,-7.647894151555121,8.647894151555121,1,1,0.1605297058432473
vanderpol,0.05,aaad,PE,b,parameter,1.0,1.792417155032871,0.7924171550328709,1,1,0.1605297058432473
vanderpol,0.05,aaad,PE,x1(t),state,2.0,0.9872126774727136,0.5063936612636433,2,1,1.0e15
vanderpol,0.05,aaad,PE,x2(t),state,0.0,0.3067785084587492,0.3067785084587492,2,1,1.0e15
vanderpol,0.05,aaad,PE,a,parameter,1.0,-1.7989969206446736,2.7989969206446736,2,1,1.0e15
vanderpol,0.05,aaad,PE,b,parameter,1.0,-0.06012406305875048,1.0601240630587505,2,1,1.0e15
vanderpol,0.05,aaad,PE,x1(t),state,2.0,0.9385850053885596,0.5307074973057202,3,1,0.0500963899915203
vanderpol,0.05,aaad,PE,x2(t),state,0.0,0.8077965074269974,0.8077965074269974,3,1,0.0500963899915203
vanderpol,0.05,aaad,PE,a,parameter,1.0,1.2874589190958938,0.28745891909589383,3,1,0.0500963899915203
vanderpol,0.05,aaad,PE,b,parameter,1.0,-2.2416493880948676,3.2416493880948676,3,1,0.0500963899915203
vanderpol,0.05,aaad,PE,x1(t),state,2.0,0.08945723500376222,0.9552713824981189,4,1,0.05570862225782055
vanderpol,0.05,aaad,PE,x2(t),state,0.0,0.00752572308517711,0.00752572308517711,4,1,0.05570862225782055
vanderpol,0.05,aaad,PE,a,parameter,1.0,0.9468030078916129,0.05319699210838713,4,1,0.05570862225782055
vanderpol,0.05,aaad,PE,b,parameter,1.0,12.064380727106016,11.064380727106016,4,1,0.05570862225782055
vanderpol,0.05,aaad,PE,x1(t),state,2.0,-0.12922850915071787,1.064614254575359,5,1,0.08743905789468903
vanderpol,0.05,aaad,PE,x2(t),state,0.0,-3.141096486243129,3.141096486243129,5,1,0.08743905789468903
vanderpol,0.05,aaad,PE,a,parameter,1.0,0.12016174600297405,0.879838253997026,5,1,0.08743905789468903
vanderpol,0.05,aaad,PE,b,parameter,1.0,0.5966001267695236,0.40339987323047644,5,1,0.08743905789468903
vanderpol,0.05,aaad,PE,x1(t),state,2.0,-1.0449311723803688e7,5.224656861901844e6,6,1,5.883590950805785e15
vanderpol,0.05,aaad,PE,x2(t),state,0.0,-3.5478053433254395e18,3.5478053433254395e18,6,1,5.883590950805785e15
vanderpol,0.05,aaad,PE,a,parameter,1.0,-230.7698307770802,231.7698307770802,6,1,5.883590950805785e15
vanderpol,0.05,aaad,PE,b,parameter,1.0,2.1527669335717676,1.1527669335717676,6,1,5.883590950805785e15
vanderpol,0.05,aaad,PE,x1(t),state,2.0,-1.7368441251494322e7,8.684221625747161e6,7,1,2.4144283595666447e18
vanderpol,0.05,aaad,PE,x2(t),state,0.0,-1.4559003008186696e21,1.4559003008186696e21,7,1,2.4144283595666447e18
vanderpol,0.05,aaad,PE,a,parameter,1.0,-1.8498177738898365,2.8498177738898365,7,1,2.4144283595666447e18
vanderpol,0.05,aaad,PE,b,parameter,1.0,1.5420530211792458,0.5420530211792458,7,1,2.4144283595666447e18
vanderpol,0.05,aaad,PE,x1(t),state,2.0,-2.9859166974162608,2.4929583487081306,8,1,1.0e15
vanderpol,0.05,aaad,PE,x2(t),state,0.0,-0.07585888181148805,0.07585888181148805,8,1,1.0e15
vanderpol,0.05,aaad,PE,a,parameter,1.0,-3.527350062716582,4.527350062716582,8,1,1.0e15
vanderpol,0.05,aaad,PE,b,parameter,1.0,-4.986928457534405,5.986928457534405,8,1,1.0e15
vanderpol,0.05,aaad,PE,x1(t),state,2.0,5.417755221323794e7,2.708877510661897e7,9,1,4.6484752945237734e17
vanderpol,0.05,aaad,PE,x2(t),state,0.0,2.8030306025972938e20,2.8030306025972938e20,9,1,4.6484752945237734e17
vanderpol,0.05,aaad,PE,a,parameter,1.0,-7.696906835454177,8.696906835454177,9,1,4.6484752945237734e17
vanderpol,0.05,aaad,PE,b,parameter,1.0,0.04070119737262765,0.9592988026273723,9,1,4.6484752945237734e17
lv_periodic,0.0,N/A,Opt,x1(t),state,2.0,2.0,0.0,1,1,Inf
lv_periodic,0.0,N/A,Opt,x2(t),state,0.5,0.5,0.0,1,1,Inf
lv_periodic,0.0,N/A,Opt,a,parameter,1.5,1.8625478745903208,0.24169858306021386,1,1,Inf
lv_periodic,0.0,N/A,Opt,d,parameter,0.8,0.8212233628505802,0.026529203563225162,1,1,Inf
lv_periodic,0.0,N/A,Opt,b,parameter,0.9,0.9835941800628272,0.09288242229203017,1,1,Inf
lv_periodic,0.0,N/A,Opt,c,parameter,3.0,3.0080193418831733,0.002673113961057775,1,1,Inf
lv_periodic,0.01,N/A,Opt,x1(t),state,2.0,2.0,0.0,1,1,Inf
lv_periodic,0.01,N/A,Opt,x2(t),state,0.5,0.5,0.0,1,1,Inf
lv_periodic,0.01,N/A,Opt,a,parameter,1.5,1.3825595648276536,0.07829362344823092,1,1,Inf
lv_periodic,0.01,N/A,Opt,d,parameter,0.8,0.7224902861862583,0.09688714226717715,1,1,Inf
lv_periodic,0.01,N/A,Opt,b,parameter,0.9,0.7984111785471473,0.1128764682809475,1,1,Inf
lv_periodic,0.01,N/A,Opt,c,parameter,3.0,2.943303625614766,0.01889879146174467,1,1,Inf
lv_periodic,0.05,N/A,Opt,x1(t),state,2.0,2.0,0.0,1,1,Inf
lv_periodic,0.05,N/A,Opt,x2(t),state,0.5,0.5,0.0,1,1,Inf
lv_periodic,0.05,N/A,Opt,a,parameter,1.5,1.3863685959473317,0.0757542693684455,1,1,Inf
lv_periodic,0.05,N/A,Opt,d,parameter,0.8,0.8472361427796937,0.0590451784746171,1,1,Inf
lv_periodic,0.05,N/A,Opt,b,parameter,0.9,0.8942780354736094,0.006357738362656246,1,1,Inf
lv_periodic,0.05,N/A,Opt,c,parameter,3.0,3.0739888069794987,0.024662935659832907,1,1,Inf
vanderpol,0.0,N/A,Opt,x1(t),state,2.0,2.0,0.0,1,1,Inf
vanderpol,0.0,N/A,Opt,x2(t),state,0.0,0.0,0.0,1,1,Inf
vanderpol,0.0,N/A,Opt,a,parameter,1.0,0.9151233373135539,0.08487666268644611,1,1,Inf
vanderpol,0.0,N/A,Opt,b,parameter,1.0,1.0674726269373578,0.06747262693735778,1,1,Inf
vanderpol,0.01,N/A,Opt,x1(t),state,2.0,2.0,0.0,1,1,Inf
vanderpol,0.01,N/A,Opt,x2(t),state,0.0,0.0,0.0,1,1,Inf
vanderpol,0.01,N/A,Opt,a,parameter,1.0,1.138888932194412,0.138888932194412,1,1,Inf
vanderpol,0.01,N/A,Opt,b,parameter,1.0,0.8684408492432147,0.13155915075678526,1,1,Inf
vanderpol,0.05,N/A,Opt,x1(t),state,2.0,2.0,0.0,1,1,Inf
vanderpol,0.05,N/A,Opt,x2(t),state,0.0,0.0,0.0,1,1,Inf
vanderpol,0.05,N/A,Opt,a,parameter,1.0,1.0713819007137066,0.07138190071370665,1,1,Inf
vanderpol,0.05,N/A,Opt,b,parameter,1.0,1.0623776811601078,0.06237768116010778,1,1,Inf
